url,title,markdown
https://able.co/,Home | Building Software with World-Class Talent and AI | Able,"# We Use AI to Build Software Faster

Ables full stack product teams combine AI technologies with custom workflows, to deliver efficiencies throughout the software development lifecycle.



Brian S, Redesign Health Platform Director



## Our AI-Powered Software Development Practices Create Value for Your Business

Weve tested hundreds of AI software development tools to create a unique configuration that accelerates software development. We couple this with agentic workflows, to deliver unprecedented speed and efficiency for our clients.

- Save moneyOur leading edge methodologies deliver 30%+ savings, and in some use cases deliver 2X-3X savings.
- Reduce time to marketPush more code faster to create value for your customers.
- Elevate strategic valueAllow your team to focus on what humans do best: creative delivery of value for your business.

## Ables Unique Capability

Weve been building software for twelve years, constantly evolving to deliver leading edge solutions for our clients. AI presents new opportunities to innovate how we build.

1. World class talentWe are a team of product strategists, designers, engineers and project managers. Our combination of U.S. based and nearshore team members ensures that we maximize cost efficiencies, that we pass onto our clients.Read more about our team
2. Bespoke arsenal of toolsWeve tested hundreds of AI development tools so you dont have to. We layer these with AI agents that we apply based on specific technical and business requirements.
3. Proprietary methodologiesWe have reimagined practices and processes to extract the best of what humans do, coupled with what AI can do. The result is a powerful set of methodologies that we apply in customized frameworks based on your organizations needs.

Able has helped us improve our process, to bring products to market faster and more efficiently. Their ability to increase our talent density and improve how we work has allowed us to focus on what matters most  growing our business.

Blake Clark, CEO





### Create efficiency throughout the software development lifecycle

We are leveraging the power of AI to reimagine how we build products and companies. We help our partners identify opportunities, build roadmaps, and create investment plans to drive growth and reduce costs through AI.





### Innovate effectively and build the right product

Human-centered design with AI has never felt so human. Product strategy is elevated and accelerated.

We believe in technology's power to drive positive change for good. Its a belief that's been with us since our start in 2013 and continues to guide our work today.



## Our Success Is Defined by the Success of Our Clients

Dont just take our word for it, read about the value that we create for the companies that trust us with their products.

## Sustainable AI Is Responsible AI

AI is evolving fast. It is a powerful capability, but it needs to be carefully managed and applied to ensure positive outcomes, now and in the future. Weve introduced protocols into our processes to ensure sustainably optimized practices.

- SecuritySafeguard AI systems and data with robust protocols to ensure data privacy and integrity.
- ScalabilityAdaptable AI solutions are designed to grow seamlessly with your business needs.
- OutcomesDeliver responsible AI that drives sustainable, impactful business results.

### Lets build together.

Join our community of builders and innovators by subscribing to our monthly newsletter #TGIM"
https://able.co/privacy-policy,Privacy Policy | Protecting Your Data & Privacy | Able,"# Privacy Policy

Effective Date: October 1, 2024

At Able, we are committed to protecting your privacy.

This Privacy Policy explains how we collect, use, and safeguard your information when you visit our website. Please read this policy carefully to understand our practices regarding your personal data.

## 1. Information We Collect

We collect both personal and non-personal information from users:

- Personal Information: We may collect personal data such as your name, email address, and any information you provide via forms on our website (e.g., newsletter sign-up forms or contact forms).
- Non-Personal Information: We collect non-identifiable information such as your IP address, browser type, and browsing behavior through analytics services.

## 2. How We Collect Information

- Via Analytics: We use analytics tools (such as Google Analytics) to collect non-personal data about your interactions with our website to help us understand how visitors use our site.
- Via Forms: Personal data is collected when you voluntarily submit information through forms (e.g., inquiries or newsletter subscriptions).

## 3. How We Use Your Information

We use the information we collect for the following purposes:

- To respond to your inquiries and provide you with information or services that you request from us.
- To send you newsletters if you opt to receive them by signing up via the subscription form on our site.

## 4. Sharing of Information

We do not share your personal information with third parties, except for internal purposes, such as marketing. Your data is used solely to manage communications between you and our team.

## 5. Use of Cookies and Tracking Technologies

Our website uses cookies and analytics technologies to:

- Improve the performance and usability of the site.
- Track site usage and traffic patterns for internal purposes only. Users can disable cookies in their browser settings if they prefer not to be tracked.

## 6. Data Security

We take reasonable measures to protect the personal information you provide to us against unauthorized access or disclosure. However, please note that no data transmission over the internet can be guaranteed to be 100% secure.

## 7. User Rights

You have the right to unsubscribe from our newsletters at any time by following the unsubscribe link included in any email communications. If you wish to delete or modify your personal information, please contact us directly at the email provided below.

## 8. Children's Privacy

Our website is not intended for children under the age of 13, and we do not knowingly collect personal information from children under 13. If you are a parent or guardian and believe we have collected such information, please contact us to have it removed.

## 9. Changes to This Privacy Policy

This privacy policy is effective as of October 1, 2024. We reserve the right to update this policy without notice. Any changes will be reflected on this page.

## 10. Third Party Processors

Our carefully selected partners and service providers may process personal information about you on our behalf as described below:

### Digital Marketing Service Providers

We periodically appoint digital marketing agents to conduct marketing activity on our behalf, such activity may result in the compliant processing of personal information.

Our appointed data processors include:

(i) Prospect Global Ltd (trading as Sopro) Reg. UK Co. 09648733. You can contact Sopro and view their privacy policy here: http://sopro.io. Sopro are registered with the ICO Reg: ZA346877. Their Data Protection Officer can be emailed at: dpo@sopro.io.

(ii) HubSpot: You can contact HubSpot and view their privacy policy here: https://legal.hubspot.com/privacy-policy.

## 11. Contact Us

If you have any questions about this Privacy Policy, please contact us at: contact@able.co.

## 12. Governing Law

This Privacy Policy is governed by the laws of the United States.

By using our website, you consent to our Privacy Policy and the collection and use of your information as described above.

2025 Able

44-70 21st Street #1060
Queens, NY 11101

Last updated: October 25, 2024

### Lets build together.

Join our community of builders and innovators by subscribing to our monthly newsletter #TGIM"
https://able.co/security-transparency-governance,"Security | Safe, Transparent, Governed AI Development | Able","# Security, Transparency, &amp; Governance



We prioritize secure, transparent, and governed AI development, embedding emerging best practices and state-of-art techniques throughout our ideation and development processes.

## Security Measures

- Data Protection: We use advanced encryption for data at rest (AES-256) and in transit (TLS/SSL). Secure storage solutions and containerized deployments with tools like Docker and Kubernetes ensure robust access controls.
- Adversarial Defense: Our models are trained for resilience against malicious inputs using adversarial training techniques, alongside continuous vulnerability scanning.
- Secure Deployment: We integrate secure pipelines for deploying AI models, focusing on access control and automated testing to maintain integrity throughout development.

## Transparency and Explainability

- Explainable AI: We use techniques like LIME and SHAP to provide insights into model decisions, helping stakeholders understand how models make predictions.
- Interpretable Models: For complex deep learning models, we include attention mechanisms and focus on documenting model architecture and data preprocessing for transparency.
- Audit Trails: We maintain detailed logs of data handling and model training, enabling full traceability of AI decisions and processes.

## Governance and Ethical AI

- Bias Detection and Mitigation: We implement fairness adjustments like re-sampling and re-weighting to reduce bias in models and data, ensuring fair outcomes.
- Regulatory Compliance: We adhere to GDPR, CCPA, and other relevant standards, ensuring compliance through regular audits.
- Model Governance: Clear guidelines define processes for model validation, approval, and monitoring, with continuous oversight to maintain ethical AI practices.
- Continuous Monitoring: Post-deployment, we track model performance to detect concept drift or compliance issues, ensuring models stay aligned with real-world conditions.

## Tools &amp; Technology

LLMs &amp; AI Frameworks

Integration of cutting-edge AI models based on transformers, alongside TensorFlow, PyTorch and LangChain ensures state-of-the-art solutions.

Explainability Libraries

Use of LIME, SHAP, and ELI5 for model transparency.

ModelOps Platforms

Tools like MLflow and Kubeflow enable effective model tracking, versioning, and lifecycle management.

### Lets build together.

Join our community of builders and innovators by subscribing to our monthly newsletter #TGIM"
https://able.co/contact,Contact Us | Letâ€™s Build Something Amazing Together | Able,# Lets Build Together
https://able.co/social-good,Social Good | Driving Change Through Technology | Able,"# Building for Change Is in Our Roots



## We Build Products to Build a Better Future

Since our inception, our commitment to leveraging technology for positive change has been a backbone of Ables values. We are fortunate to have forged enduring partnerships with impactful non-profit organizations and companies that share our passion for making a difference beyond profit margins.

This ethos is a fundamental part of our identity and vision. Our journey is a testament to the belief that technology can be a force for good, and our dedication to this principle continues to drive us forward.

Partnering with Able always feels seamless. They combine technical excellence with a deep understanding and genuine care for our social mission, making them more than just a partnertheyre a critical extension of our team.

David Henderson, CTO





The Parker Institute for Cancer Immunotherapy (PICI) brings together Nobel prize-winning scientists, providing them with funding and resources to advance cancer treatment through immunotherapy.

What weve built together: Able created a platform for the institute's scientists, helping them to collaborate and share information to contribute to their goal of making cancer a curable disease.



Giving Credit is a social credit network focused on reducing financial exclusion in low-income communities. It brings transparency to informal lending, offers loan guarantees for peer-lenders, and reports loan repayments to credit bureaus, helping reduce reliance on exploitative loans while providing tax deductions for loan losses.

What weve built together: We added a system for lenders and borrowers to send and repay money directly on the Giving Credit platform, making it a functional lending tool ready to be integrated with payment platforms like PayPal. We also implemented a reward system using the Giftbit API, enabling cash or gift card rewards without fees to boost participation and move more money to users.



We The Action (WTA) is a small nonprofit established by Marc Elias and Laurene Powell Jobs, aimed at leveraging the expertise of government and philanthropic lawyers to promote a more just and equitable society.

What weve built together: Able built a platform connecting pro bono lawyers with nonprofits, which boosted lawyer participation, enhanced volunteer experiences, and amplified WTA's impact.



UpTogether is a community, movement, and platform that supports initiatives in historically undervalued communities to improve lives collectively.

What weve built together: We rearchitected their payment platform integrating with new payment providers, improved system observability capturing production issues earlier, and added architecture and design best practices to their process to increase efficiency.



InvestED, a developing non-profit with the aim to empower high school students to make more informed choices as they prepare for, apply to, and choose which college to attend.

What weve built together: Able helped them build their first product that used proprietary outcomes and portfolio methodology to scale their intervention program.



Wishbone is a non-profit that enables low-income high school students to experience life-changing summer programs in an effort to bridge the opportunity gap.

What weve built together: Able designed and built the platform that connects students with these opportunities. Since 2012, it has helped 2176 students raise $4,158,601 in funding for summer programs.

## Investing in a LATAM workforce

We incubated and launched a school, Codeable, to provide opportunity and career advancement for engineering students in LATAM. Since inception, it has graduated 9 cohorts of students (and counting!) with a 95% job placement rate.



### Lets build together.

Join our community of builders and innovators by subscribing to our monthly newsletter #TGIM"
https://able.co/team,Our Team | Meet the Experts Driving Innovation at Able | Able,"# We Put People First







## One Able, Many Voices

Our team members are distributed across North and South America, but were not a U.S. team with near-shore engineering. Were one flat, integrated team of product professionals in nine countries.

0

Growth stage children in development

0

Monopoly Deal games completed

0

Debates about the merits of different condiments

## We are all builders

Were a passionate and creative team that likes to work hard and have fun.

If youre an entrepreneur at heart who gets excited about social change, tinkering on side projects, and mingling with fellow builders, then wed love to meet you.





Trust is the glue that binds our team together and enables us to leverage our individual strengths. Able has taught us that regardless of the challenge or complexity, there's nothing we can't achieve together.

Oscar Pineda la Serna, Project Manager

## Perks

We succeed when we create the conditions for our team to thrive. In addition to a competitive benefits package we also offer a number of perks:



#### Remote first.

We have always been and will always be a remote first company. With an office in Lima, Peru,  we welcome those that want to visit but expect our team members to work where they are most comfortable and productive.



#### No timesheets.

Weve yet to meet someone who misses them.



#### Quarterly profit sharing.

When Able succeeds, we all succeed. We announce our profitability targets at the beginning of each quarter and share some of those profits when we achieve our goals.



#### Meeting-free Able Fridays.

For real. Having full control over your time one day a week is a show of respect and trust. We also invite all our team members to log off at 2pm local time on Fridays, year round.



#### Employee development and lunch stipends.

Monthly stipends to support personal development and health oh, and to eat mid-day.



#### Monthly Snack Boxes.

It may sound simplistic, but snacks can help unite a distributed team.

## Join us!

### Open Roles:

- AI Intern - LatAm (June-August 2025)
- AI Intern - US (Summer 2025)

Hector Paz, Staff Software Engineer



## Our Company

Were a distributed team of talented builders united and inspired by the impact of our work.

0

Years in business

0

Countries

0

Partnerships

### Lets build together.

Join our community of builders and innovators by subscribing to our monthly newsletter #TGIM"
https://able.co/work,Our Work | Partnering to Deliver Innovation and Impact through AI-Powered Solutions | Able,"# Our Success Is Defined by the Success of Our Clients

Whether we are building customer facing applications, business user applications, or mobile apps, our singular focus is consistent: delivering consistent value for our clients.

Weve built our teams expertise across a wide variety of tech stacks, to ensure seamless speed to value.





### Unlocking Growth and Empowering a Company Exit

Our partner prefers to maintain anonymity due to the private nature of their business relationships.

Able has worked with this mid-market tech company to create operational efficiency through strategic technology consulting, effective product management, and efficient software delivery. This private equity-backed company successfully exited after one year of working with Able.

Impact: Technical improvements to enable a beneficial exit





### Revolutionizing Fundraising Through Generative AI

We addressed critical challenges in campaign fundraising by using AI to take the burden off of team members and allow for more time focused on strategic tasks. In six months we went from discovery to public launch.

Impact: Pre-seed fundraise of $1.2M





### Rethinking Clinical Care for Dementia Patients

We developed a connected system for caregivers to provide holistic, data-driven dementia care. The Harmonic Health platform, aligned with the GUIDE program, integrates EHR and patient data. In just six months, we delivered a HIPAA-compliant MVP that streamlines clinician workflows with intuitive access to patient data and personalized appointment guides, enhancing efficiency and reducing administrative burden.

Impact: MVP in six months





### Technical Strategy and Solutions Enablement to Help Alleviate Poverty

Over the course of two and a half years, our partnership with UpTogether evolved from providing additional engineering capacity to becoming their sole engineering resource and trusted architectural leaders.

Impact: Enhancing processes, technical architecture and code quality to improve time to implement new features and simplify systems maintainability





### Streamlining Value-Based Care Contracts

We built Syntaxs state-of-the-art product to help teams model and negotiate contracts at scale to help focus their expertise on achieving value-based care objectives, improving outcomes, and reducing costs.

Impact: Generating revenue in 11 months





### Taking the Pain Out of Moving

Updater is an invite-only moving app. We dramatically increased their conversions by launching native iOS and Android apps, and optimizing their onboarding flows.

Impact: 3X signup conversion rate





### Delivering Employee Benefits

Beanstalk Benefits offers accessible health and lifestyle benefits tailored to individual needs. From the stealth phase, Able collaborated with Beanstalk to translate their vision to the release of a commercially viable product.

Impact: Securing seed and signing first customer in 11 months





### Protecting Civil Rights

Since 2017, weve built and innovated a platform that has recruited over 42,000 lawyers interested in advocating for a more equitable, inclusive, and just society.

Impact: $112M in pro bono legal work enabled

There is enough strategic risk when starting a new company. I wanted flawless execution and Able has delivered.

Ravi Mehta, Founder



## Our Partners

We pride ourselves on long-term strategic relationships and prefer to call our clients partners.





















































































### Lets build together.

Join our community of builders and innovators by subscribing to our monthly newsletter #TGIM"
https://able.co/offerings,Our Offerings | AI Solutions for Every Stage of Software Development | Able,"# Our Offerings

Weve pioneered a new framework to deliver efficiency throughout the Software Development Lifecycle.



## Our World-Class Talent Implements AI into Our Workflows to Create Value and Efficiency at Every Step of the Software Development Lifecycle:



## AI Consulting

Gain a clear, AI-enhanced technical direction that aligns with your business strategy and drives tangible results.



## Product Incubation

Get real world user insights in weeks instead of months with a Minimum Testable Product that integrates with your key data and APIs.



## Feature Development

Reduce feature development time by 40% by redistributing the task load between humans, AI agents, and AI tools.



## Quality Assurance

Save up to 70% of the time spent with test creation, test maintenance, and automated test execution with our AI tooling.



## Legacy Modernization

Reduce technical debt by up to 30% through our AI-powered modernization, automated refactoring, and AI-enhanced system performance tooling.



## System Maintenance

Decrease maintenance costs by 40% with Able's AI-enabled refactoring capabilities.





































































































## Security, Transparency and Governance

We prioritize secure, transparent, and governed AI development, embedding emerging best practices and state-of-the-art techniques throughout our ideation and development processes.

### Lets build together.

Join our community of builders and innovators by subscribing to our monthly newsletter #TGIM"
https://able.co/work/up-together,UpTogether | Optimizing Nonprofit Operations with AI | Able,"# Driving Innovation to Break the Cycle of Poverty

How technical strategy and solutions empower systems change

Visit

- Uptogether.org



## Services offered

Full-stack web development, Technical discovery and system audit, Technical strategy, System architecture design.

## Outcomes

- Expedited development for feature development and maintenance
- Identified areas across the platform to reduce complexity and streamline operations
- Supported security compliance practice improvements and recommendations



## The Story

In October 2021, Able was brought on to support UpTogethers internal engineering team with specific projects, collaborating with another vendor and the internal team. UpTogether, a platform helping undervalued communities access capital, had operated for over 20 years with minimal focus on technical optimizations. Over time, we became their sole engineering partner, addressing platform-wide projects. In 2023, we conducted a thorough assessment of the software architecture to identify and resolve key system issues.

## Assessment Process

The assessment focused on both backend and frontend solutions, analyzing the breadth of existing Python microservices. Additionally, the AWS architecture, Lambdas, API Gateways, scheduled tasks, event handlers, and RDS instances were evaluated. The assessment relied on:

- Internal Engineering team interviews and follow-ups
- Deep dive into the existing documentation
- Technical Audit of Systems
- First-hand knowledge and experiences from the Able team, having already worked on several areas

The assessment was completed by the Tech Lead and a part of the assigned team over the span of three months, as they kept working on new releases and other improvements in parallel.



## Key Findings

We provided several high-level recommendations to enhance system performance and streamline operations. We identified the need for modifications to existing services, such as implementing web-hooks and notifications, and advised the deletion of unused code while emphasizing the importance of following the DRY (Don't Repeat Yourself) principle. Additionally, we suggested better utilization of AWS tools like Cloud Map for service discovery and management. Our recommendations also included adopting best practices for service versioning, dependency management, and security compliance. We conducted an in-depth evaluation of micro-services, highlighting both the benefits and the challenges, including increased operational complexity, data management issues, and communication overhead. As a simpler alternative, we proposed a modular monolith approach, which reduces complexity and streamlines operations. On the front end, we recommended framework updates to achieve a modern stack with less development overhead and advised reducing unnecessary dependencies to further improve efficiency.



Our technical assessment services provide deep insights into your system's architecture and performance, offering tailored recommendations to enhance efficiency and scalability.

## Output

The final delivery defined key findings and recommendations, including a detailed comparison of Microservices, Monolith, and Modular Monolith architectures, tailored for UpTogether. Additionally, a comprehensive architectural visualization of the entire system was provided to support the analysis and proposed solutions.



Streamlining Value-Based Care Contracts

### Lets build together.

Join our community of builders and innovators by subscribing to our monthly newsletter #TGIM"
https://able.co/work/harmonic,Harmonic Health | Connected Systems for Dementia Care | Able,"# We Built a 0-1 Connected System to Provide Holistic Care for Dementia Patients

Building a connected system to holistically care for dementia patients

Visit

Harmonichealth.com



## Services offered

Product Strategy, MVP Roadmap Development, UX Strategy, UI Design, Technical Strategy, Scalable Microservices Architecture, EHR Data Management, Software Development, QA Testing, HIPAA Compliant Infrastructure and Data Security, &amp; FHIR Data Interoperability.

## Outcomes

- Production ready MVP in six months
- Direct integration and patient data synchronization with EHR platform, FHIR data system, and clinical assessment tools
- HIPAA compliance readiness
- Alignment with CMS's GUIDE program



All data shown is illustrative.

## The Story

Harmonic Health, a company funded by Redesign Health and born from personal caregiving experiences, is rethinking care for dementia patients by empowering both patients and caregivers throughout their difficult journey. With a commitment to advancing dementia care through a holistic understanding of patient symptoms and coordinated care teams, Harmonic Health utilizes multiple data systems and clinical assessment tools to build comprehensive patient profiles and develop personalized care paths. Redesign Health relied on Ables partnership to provide embedded product design, engineering, and business-building support to portfolio companies like Harmonic Health during their early launch phases.



All data shown is illustrative. Learn more about our policies around Security, Transparency, &amp; Governance.

## Partnership with Able

Able worked closely with Harmonic Healths executive team as their product development partner. Harmonic Health and Able created a clear mission to launch the first version of the product to scale their operations and bring value to their clinicians as quickly as possible.

Our team, comprising of product strategy, design and engineering talent, collaborated closely with Harmonics executive and clinical team to translate the vision and care model into product requirements, build-ready designs, an MVP roadmap, a synchronized data system, and support an iterative clinical care model.

Working together, we identified the main product goals and developed the solutions:

Map Patient Data
Create the patient data system by mapping patient data across multiple sources, including the product database, Healthie (EHR), Zus (FHIR), and Awell (assessment tools)

Design Paths
Bring early value to clinicians by designing intuitive paths to find patient data and customized appointment guides.

Support Iteration
Support iteration in the clinical process through integration with automated tools to build and modify care paths with little engineering support.

The work was accomplished through an initial four-week discovery and definition phase, followed by a five-month iterative design and build cycle, to launch a production-ready application within six months. This process enabled Harmonic Health to refine its evolving clinical process and recruit new potential healthcare partners.



Technical Strategy and Solutions Enablement to Help Alleviate Poverty

### Lets build together.

Join our community of builders and innovators by subscribing to our monthly newsletter #TGIM"
https://able.co/work/syntax,Syntax | Advancing Development with AI Solutions | Able,"# Streamlining Value-Based Care Contracting

Accelerating alignment in value-based care contracting for health plans and providers

Visit

Meetsyntax.com



## Services offered

Product Design, Visual Design, Product Strategy, Project Management, Technical Architecture, Software Development, Data Engineering, QA Testing

## Outcomes

- Launched MVP within the first six months of the partnership
- Delivered a production-ready product in nine months
- Onboarded paying customers in 11 months





## The Partner

Syntax Health, a company conceived and funded by Redesign Health, is the first and only two-sided SaaS solution for Value-Based Care (VBC) modeling and contracting. Redesign Health relies on Ables partnership to provide their portfolio companies with embedded product design, engineering,and overall business-building support in their early launch phases.



## The Story

Syntax aims to streamline and scale the value-based care contracting process by leveraging analytics, infrastructure, and a collaborative virtual workspace. We built Syntax to help teams model and negotiate value-based care at scale so they can focus their expertise on achieving value-based care objectives, improving outcomes, and reducing costs.

Able joined Syntax's founding team as their product development partner and had a clear mission: to expedite launching a customer-ready, commercially viable product. Our team, comprising design and engineering talent, refined Syntax's product requirements and established a roadmap for delivering an MVP within six months. Our team met this ambitious goal and defined, designed, and developed a production-ready application within the timeframe. This accomplishment enabled Syntax to present a fully functional MVP application to potential customers.



In our second phase of work with Syntax, we successfully developed a customer-ready version of the product and poised the business for scalability. Subsequently, Syntax began acquiring and onboarding its first customers, reaching revenue status in the first 12 months of launch. This remarkable journey spanned 11 months from conceptualization to establishing a fully-fledged, value-generating solution.

Rachael Jones, CEO of Syntax





The collective achievements of Syntax and Able stand as a testament to our commitment to providing our partners with a concentrated burst of premium product engineering expertise with the shared goal of accelerating the zero-to-market journey with a fixed amount of pre-seed funding.

Able is a go-to-market cheat code for early founder teams. Without them, we couldnt have moved this fast (and with such high quality).

Will Hudgins, VP of Engineering Syntax



Taking the Pain Out of Moving

### Lets build together.

Join our community of builders and innovators by subscribing to our monthly newsletter #TGIM"
https://able.co/work/updater,Updater | Simplifying Moving with Mobile App Strategy | Able,"# Updater: An App to Take the Pain Out of Moving

Moving is complicated. We helped build an app for that.

Visit

- Google Play Store
- Apple Store



## Services offered

Product strategy, technical project management, React Native development, user experience audit and design

## Outcomes

- 3x increase in TV and internet signup conversion rates
- 4.5+ star ratings in the iOS and Android app stores
- iOS and Android apps developed and released in under three months



## Background

Established in 2010, Updaters vision is to make moving a frictionless and delightful experience. They deliver this by helping users organize and complete moving-related tasks like booking movers, buying boxes, securing insurance, setting up services like utilities, TV, and internet, and more.

Updater hadnt built a mobile app because its users werent demanding one  historically, Updater found that people werent willing to download an app for such a short period of time (while preparing for a move).

But, as the business grew and Updater began to tackle both pre- and post-move needs, the Updater team realized that their reliance on email, SMS, and mobile web could be better complemented with a mobile app. Updater approached Able to help craft and implement a new mobile strategy that would lay a strong foundation for the future and help them engage with users throughout the move journey in a modern way.



Because moving season takes place every summer in America and Updater reached out in early Spring, we knew that transitioning user behaviors to the app fast was the key to ensure continuous and increased revenue for moving season. Our strategy prioritized speed over feature expansion to capture revenue and better serve customers when they need Updater the most.



Our development approach applied a hybrid app strategy, leveraging React Native, web wrappers, and web views to create the initial release in less than three months. After launch, we cycled through the app to replace wrappers with native components where we felt the impact justified the effort. We also conducted a thorough UX review and introduced a consistent design system using Updaters design components.

The success of the initial release and UX enhancements have helped Updater triple its order rates for critical products within the appa primary driver for their business. The dramatic impact of the work on their bottom line was the validation Updater needed to double-down on the future of their mobile app, and we are looking forward to building more incredible tech as partners.



Delivering Employee Benefits

### Lets build together.

Join our community of builders and innovators by subscribing to our monthly newsletter #TGIM"
https://able.co/work/beanstalk,Beanstalk | Revolutionizing Employee Benefits Delivery | Able,"# The Future of Employee Benefits Delivery

Revolutionizing healthcare, one custom benefit at a time

Visit

Beanstalkbenefits.com



## Services offered

Product Design, Branding, UI Design, User Testing, Branding Exploration, Technical Architecture, Software Development, QA Testing

## Outcomes

- Secured a fast follow seed funding round
- Built and launched to production in 10 months
- Onboarded first customers in 11 months





## The Partner

Beanstalk Benefits, a company conceived and funded by Redesign Health, is pushing the boundaries of modern health insurance benefits. Redesign Health relies on Ables partnership to provide their portfolio companies with embedded product design, engineering, and overall business-building support in their early launch phases.



## The Story

Beanstalk Benefits is creating more accessible health and lifestyle benefits to give people access to options that better fit their needs. Able was handpicked to collaborate with Beanstalk's founding team during their stealth phase, with a clear mission of accelerating the path to launching a customer-ready and commercially viable product. Our design and engineering team swiftly immersed themselves in Beanstalk's product vision, working to translate it into reality.



## The Value Were Delivering

- Incorporating behavioral science principles into an onboarding experience using Slack to transition smoothly to a personalized benefits platform
- Conducting user research to implement feedback quickly into prototypes to support the sales team
- Pivoting the first iteration in three weeks based on market needs to have a fully working prototype in time for a major health conference, garnering stellar feedback from potential customers



- Evaluating the visual brand identity and adjusting for digital optimization and accessibility standards while creating a scalable component design system
- Fostering collaboration with the head of engineering, emphasizing quality development with a focus on high code coverage and the implementation of scalable, tailored solutions
- Leveraging top-tier, widely used open-source technologies and frameworks for scalability and reliability
- Implementing DevOps best practices for efficiency and scalability





Through our dedication to providing technical expertise and design excellence, Able remains a committed partner in supporting Beanstalk's quest to revolutionize benefits delivery and ensure long-term industry success.

We needed to get our MVP in front of prospective customers during our launch phase to maintain critical momentum. Able delivered functionality and fidelity beyond our expectations.

Matthew Sydney, CEO of Beanstalk



Protecting Civil Rights

### Lets build together.

Join our community of builders and innovators by subscribing to our monthly newsletter #TGIM"
https://able.co/work/we-the-action,We The Action | Mobilizing Pro Bono Legal Work for Impact | Able,"# We The Action: Unlocking the Power of Pro Bono

We built the platform that connects lawyers with the social causes that matter most.

Visit

WeTheAction.org

Election Protection



## Services offered

Product strategy, user research and testing, rapid prototyping, user experience design, visual design, technical strategy and architecture, full-stack web development

## Outcomes

- $112 million in pro bono legal time paired and mobilized
- 500 non-profits supported
- 42,000 lawyers organized and committed to non-profit work





## The Story

In key moments of social and political upheaval, its essential to quickly harness the energy and scale of volunteer expertise to respond to the moment. After the 2016 presidential election, We The Action (a nonprofit now part of Civic Nation) formed and partnered with Able to build a platform to do just that.

Nonprofits, often understaffed, dont have the ability to effectively respond to offers to help, especially during times of social upheaval when hundreds want to get involved. On the other side of the equation, skilled volunteers often dont know where they should go to help.



WeTheAction.org launched in 2017, with the goal of making it easier for nonprofits to quickly structure projects and connect with legal volunteers, and for legal professionals to easily identify the pro bono opportunities that match their experience, interests, and schedule.

Since then, activism in the US has evolved and become an essential part of everyday discourse. In response, weve innovated our platform to provide the power of scale, the simplicity of focus, and the network effect of multiple distributed teams working toward a common goal.



The Supreme Court Dobbs Decision. We The Action was built to respond to moments in history like this. The easy to use platform allowed us to quickly onboard new partners as we helped identify impactful ways for volunteer lawyers to ensure that access to safe and effective abortion care remains available to as many people as possible.



The Afghan Refugee Crisis. In 2021 our platform powered the Welcome Legal Alliance's (WLA) effort to recruit lawyers and connect them with the nearly 80,000 Afghan refugees seeking legal assistance.



The 2020 Recount in Georgia. Shortly after the polls closed on election night, we recruited over 250 lawyers to prepare for a recount in Georgia. Our platform helped lawyers see where they were needed, attend a training, and observe the vote tally in 40 counties around Georgia.





Over the last five years, We The Action has built a community of over 43,000 lawyers and over 500 nonprofit partners. The result is $112 million in pro bono legal work delivered toward American democracys most pressing issues, and counting.

Unlocking Growth and Empowering a Company Exit

### Lets build together.

Join our community of builders and innovators by subscribing to our monthly newsletter #TGIM"
https://able.co/work/quiller,Quiller | Transforming Fundraising with Generative AI | Able,"# Revolutionizing Fundraising Through Generative AI

Empowering progressive causes for positive change

Visit

- Quiller.ai



## Services offered

AI &amp; LLM Research, Development, and Evaluation; User Research, Rapid Prototyping, Product Design, Technical Strategy, architecture, and full-stack web development; Creation of artifacts: Vision, Proto personas, Service blueprints, Product pillars, MVP roadmap, User flows; Development of custom AI model and beta application

## Outcomes

- AI-idea validation to beta customers in six months
- Supported public launch and pre-seed fundraise of $1.2M
- 200+ waitlist sign-ups at beta launch



## The Story

Founded by Mike Nellis, Authentic.org empowers progressive political campaigns through digital marketing and fundraising. To address critical challenges, such as scams and inefficient content generation, Mike envisioned leveraging AI. Partnering with Able in December 2022, the journey to harness AI for positive change began.

## Discovery Phase

Mike and his team embarked on a six-week discovery engagement led by Able, exploring the potential of generative AI to revolutionize political campaign fundraising. Comprehensive AI and LLM research and collaboration with his team of content creators led to the birth of Quiller. A lean proof of concept by Able showcased Quiller's ability to generate impactful fundraising emails, illustrating how AI could streamline campaign communications.



## MVP Phase and Pre-Seed Raise

Encouraged by positive feedback and investor interest, Quiller continued with Able to begin the MVP build phase. The team aimed to launch a robust product by H2 2023, in time for the 2024 election campaigns. In June 2023, Quiller secured a significant $1.2M pre-seed funding, validating its AI-powered fundraising tool and enabling further enhancement.



## Public Launch and Expansion

At Netroots Nation conference, Quiller's public launch was recognized by a ""Best New Feature"" nomination, acknowledging its impact on empowering progressive causes.

Beyond fundraising emails, Quiller envisions a suite of AI-powered tools tailored for various campaigns and platforms, amplifying their impact. Quiller continues to refine its AI model, embracing cutting-edge technology and user feedback to deliver an ever-improving product.

## Anticipating Transformation

Quiller's innovative AI application has the potential to revolutionize political campaign engagement, addressing challenges and enhancing progressive causes. As Quiller evolves, it leads the charge in a new era of digital fundraising, empowering candidates and organizations to make lasting positive change in society.



Rethinking Clinical Care for Dementia Patients

### Lets build together.

Join our community of builders and innovators by subscribing to our monthly newsletter #TGIM"
https://able.co/offerings?utm_campaign=Launch%20Campaign&utm_content=315164565&utm_medium=social&utm_source=linkedin&hss_channel=lcp-9480229,Our Offerings | AI Solutions for Every Stage of Software Development | Able,"# Our Offerings

Weve pioneered a new framework to deliver efficiency throughout the Software Development Lifecycle.



## Our World-Class Talent Implements AI into Our Workflows to Create Value and Efficiency at Every Step of the Software Development Lifecycle:



## AI Consulting

Gain a clear, AI-enhanced technical direction that aligns with your business strategy and drives tangible results.



## Product Incubation

Get real world user insights in weeks instead of months with a Minimum Testable Product that integrates with your key data and APIs.



## Feature Development

Reduce feature development time by 40% by redistributing the task load between humans, AI agents, and AI tools.



## Quality Assurance

Save up to 70% of the time spent with test creation, test maintenance, and automated test execution with our AI tooling.



## Legacy Modernization

Reduce technical debt by up to 30% through our AI-powered modernization, automated refactoring, and AI-enhanced system performance tooling.



## System Maintenance

Decrease maintenance costs by 40% with Able's AI-enabled refactoring capabilities.





































































































## Security, Transparency and Governance

We prioritize secure, transparent, and governed AI development, embedding emerging best practices and state-of-the-art techniques throughout our ideation and development processes.

### Lets build together.

Join our community of builders and innovators by subscribing to our monthly newsletter #TGIM"
https://able.co/work?trk=public_post_main-feed-card_reshare-text,Our Work | Partnering to Deliver Innovation and Impact through AI-Powered Solutions | Able,"# Our Success Is Defined by the Success of Our Clients

Whether we are building customer facing applications, business user applications, or mobile apps, our singular focus is consistent: delivering consistent value for our clients.

Weve built our teams expertise across a wide variety of tech stacks, to ensure seamless speed to value.





### Unlocking Growth and Empowering a Company Exit

Our partner prefers to maintain anonymity due to the private nature of their business relationships.

Able has worked with this mid-market tech company to create operational efficiency through strategic technology consulting, effective product management, and efficient software delivery. This private equity-backed company successfully exited after one year of working with Able.

Impact: Technical improvements to enable a beneficial exit





### Revolutionizing Fundraising Through Generative AI

We addressed critical challenges in campaign fundraising by using AI to take the burden off of team members and allow for more time focused on strategic tasks. In six months we went from discovery to public launch.

Impact: Pre-seed fundraise of $1.2M





### Rethinking Clinical Care for Dementia Patients

We developed a connected system for caregivers to provide holistic, data-driven dementia care. The Harmonic Health platform, aligned with the GUIDE program, integrates EHR and patient data. In just six months, we delivered a HIPAA-compliant MVP that streamlines clinician workflows with intuitive access to patient data and personalized appointment guides, enhancing efficiency and reducing administrative burden.

Impact: MVP in six months





### Technical Strategy and Solutions Enablement to Help Alleviate Poverty

Over the course of two and a half years, our partnership with UpTogether evolved from providing additional engineering capacity to becoming their sole engineering resource and trusted architectural leaders.

Impact: Enhancing processes, technical architecture and code quality to improve time to implement new features and simplify systems maintainability





### Streamlining Value-Based Care Contracts

We built Syntaxs state-of-the-art product to help teams model and negotiate contracts at scale to help focus their expertise on achieving value-based care objectives, improving outcomes, and reducing costs.

Impact: Generating revenue in 11 months





### Taking the Pain Out of Moving

Updater is an invite-only moving app. We dramatically increased their conversions by launching native iOS and Android apps, and optimizing their onboarding flows.

Impact: 3X signup conversion rate





### Delivering Employee Benefits

Beanstalk Benefits offers accessible health and lifestyle benefits tailored to individual needs. From the stealth phase, Able collaborated with Beanstalk to translate their vision to the release of a commercially viable product.

Impact: Securing seed and signing first customer in 11 months





### Protecting Civil Rights

Since 2017, weve built and innovated a platform that has recruited over 42,000 lawyers interested in advocating for a more equitable, inclusive, and just society.

Impact: $112M in pro bono legal work enabled

There is enough strategic risk when starting a new company. I wanted flawless execution and Able has delivered.

Ravi Mehta, Founder



## Our Partners

We pride ourselves on long-term strategic relationships and prefer to call our clients partners.





















































































### Lets build together.

Join our community of builders and innovators by subscribing to our monthly newsletter #TGIM"
https://able.co/work/mid-market-company,Mid-Market Growth | Empowering Growth with AI Solutions | Able,"# Unlocking Growth and Empowering a Company Exit

Delivering strategic technology, process, and organizational execution



## Services offered

AI &amp; LLM Research, Development, and Evaluation; User Research, Rapid Prototyping, Product Design, Technical Strategy, architecture, and full-stack web development; Creation of artifacts: Vision, Proto-personas, Service blueprints, Product pillars, MVP roadmap, User flows; Development of custom AI model and beta application

## Outcomes

Over a 12-month engagement, Able successfully helped move with the client through a transformative period while maintaining business stability.

Key outcomes included:
Operational Efficiency: Consolidation of nearly a dozen legacy technology platforms reduced operational costs and improved system performance.
Revenue Growth: The client achieved double-digit top-line growth rates through the introduction of new features and enhancements to existing products.



## The Story

As a private equity-backed company, the client experienced significant growth through the acquisition of several complementary companies, teams, and platforms. Over the years, these acquisitions led to a fragmented organizational structure and a diverse technology stack. By 2023, the client recognized the need to consolidate its operations and technology to drive the next phase of growth efficiently. The challenge was to unify these accumulated assets into a cohesive, efficient, and scalable organization and technology ecosystem.



## Discovery Phase

Able conducted an in-depth organizational review and an architectural assessment of the clients technologies. This phase included:

Organizational Analysis
Engaging with key stakeholders to understand their roles, perspectives, and pain points.

Process Mapping
Documenting existing processes and tools to identify redundancies and inefficiencies.

Technology Audit
Evaluating the current product technology stack to identify overlaps, gaps, and opportunities for integration.



## Strategic Recommendation

Based on the findings from the discovery phase, Able developed a strategic reorganization plan and a technology consolidation roadmap. Key recommendations included:

Technology Consolidation
Creating a roadmap to unify disparate technology platforms into a single, scalable system.

Product Development Process Improvement
Process, artifacts, and accountabilities to improve the strategic value of product development, while increasing efficiency.

Growth Roadmap
Identifying key growth initiatives and new value-adding features to enhance the customer experience.



## Implementation Support

Able assembled a specialized support team to embed within the clients organization, ensuring seamless execution of the transformation plan. The support included:

Requirements Definition
Creating detailed product designs and meticulously defined user stories that served as the blueprint for engineering tasks, and aligned each project component to the strategic goals.

Engineering Execution
Providing top-tier engineering resources to assist with architectural definition, platform integration, and feature development to create a robust and scalable technological foundation.

Product Launch
Managing agile development processes and aligning with go-to-market teams to rapidly and efficiently bring new impactful features to the market and drive significant value.



Revolutionizing Fundraising Through Generative AI

### Lets build together.

Join our community of builders and innovators by subscribing to our monthly newsletter #TGIM"
